-- prida hodnoty do tab. filmy (hodnoty sú skutočné)
INSERT INTO filmy (Filmid, Nazov, ZanerID, HodnotenieFilmu, Rok, ReziserID)
VALUES (1, 'House of Gucci', 1, 7.0, 2021, 1);
-- prida hodnoty do tab. zaner
INSERT INTO zaner (Zanerid, ZanerNazov)
VALUES (1, 'Krimi');
-- prida hodnoty do tab. reziser (hodnoty su reálne), pri FilmID je daná hodnota len jedného filmu
INSERT INTO reziser (Reziserid, Meno, Priezvisko, Vek, FilmID)
VALUES (1, 'Ridley', 'Scott', 84, 1);

-- prida hodnoty do tab. filmy (hodnoty sú skutočné)
INSERT INTO filmy (Filmid, Nazov, ZanerID, HodnotenieFilmu, Rok, ReziserID)
VALUES (2, 'Spider-Man: No Way Home', 2, 6.4, 2021, 2);
-- prida hodnoty do tab. zaner (nevedel som čo viac pridať k žánrom keďže sa mi nepodarilo vložiť viacero hodnôt do cudzieho kľúča napr.: FilmyID)
INSERT INTO zaner (Zanerid, ZanerNazov)
VALUES (2, 'Sci-Fi');
-- prida hodnoty do tab. reziser (hodnoty su reálne), pri FilmID je daná hodnota len jedného filmu
INSERT INTO reziser (Reziserid, Meno, Priezvisko, Vek, FilmID)
VALUES (2, 'Jon', 'Watts', 40, 2);

-- prida hodnoty do tab. filmy (hodnoty sú skutočné)
INSERT INTO filmy (Filmid, Nazov, ZanerID, HodnotenieFilmu, Rok, ReziserID)
VALUES (3, 'No Time to Die', 3, 7.4, 2021, 3);
-- prida hodnoty do tab. zaner 
INSERT INTO zaner (Zanerid, ZanerNazov)
VALUES (3, 'Akcny');
-- prida hodnoty do tab. reziser (hodnoty su reálne), pri FilmID je daná hodnota len jedného filmu
INSERT INTO reziser (Reziserid, Meno, Priezvisko, Vek, FilmID)
VALUES (3, 'Cary Joji', 'Fukunaga', 44, 3);

-- prida hodnoty do tab. filmy (hodnoty sú skutočné)
INSERT INTO filmy (Filmid, Nazov, ZanerID, HodnotenieFilmu, Rok, ReziserID)
VALUES (4, ' Venom: Let There Be Carnage', 2, 6.1, 2021, 4);
-- prida hodnoty do tab. zaner
INSERT INTO zaner (Zanerid, ZanerNazov)
VALUES (4, 'Dobrodruzny');
-- prida hodnoty do tab. reziser (hodnoty su reálne), pri FilmID je daná hodnota len jedného filmu
INSERT INTO reziser (Reziserid, Meno, Priezvisko, Vek, FilmID)
VALUES (4, 'Andry', 'Serkis', 57, 4);

-- prida hodnoty do tab. filmy (hodnoty sú skutočné)
INSERT INTO filmy (Filmid, Nazov, ZanerID, HodnotenieFilmu, Rok, ReziserID)
VALUES (5, 'Resident Evil: Welcome to Raccoon City', 5, 5.6, 2021, 5);
-- prida hodnoty do tab. zaner
INSERT INTO zaner (Zanerid, ZanerNazov)
VALUES (5, 'Horror');
-- prida hodnoty do tab. reziser (hodnoty su reálne), pri FilmID je daná hodnota len jedného filmu
INSERT INTO reziser (Reziserid, Meno, Priezvisko, Vek, FilmID)
VALUES (5, 'Johannes', 'Roberts', 45, 5);

-- prida hodnoty do tab. filmy (hodnoty sú skutočné)
INSERT INTO filmy (Filmid, Nazov, ZanerID, HodnotenieFilmu, Rok, ReziserID)
VALUES (6, 'Jai Bhim', 6, 9.5, 2021, 6);
-- prida hodnoty do tab. zaner
INSERT INTO zaner (Zanerid, ZanerNazov)
VALUES (6, 'Drama');
-- prida hodnoty do tab. reziser (hodnoty su reálne), pri FilmID je daná hodnota len jedného filmu
INSERT INTO reziser (Reziserid, Meno, Priezvisko, Vek, FilmID)
VALUES (6, 'T', 'Gnanavel', 40, 6);

-- prida hodnoty do tab. filmy (hodnoty sú skutočné)
INSERT INTO filmy (Filmid, Nazov, ZanerID, HodnotenieFilmu, Rok, ReziserID)
VALUES (7, 'The Humans', 6, 6.1, 2021, 7);
-- prida hodnoty do tab. zaner
INSERT INTO zaner (Zanerid, ZanerNazov)
VALUES (7, 'Historicky');
-- prida hodnoty do tab. reziser (hodnoty su reálne), pri FilmID je daná hodnota len jedného filmu
INSERT INTO reziser (Reziserid, Meno, Priezvisko, Vek, FilmID)
VALUES (7, 'Stephan', 'Karam', 40, 7);

-- prida hodnoty do tab. filmy (hodnoty sú skutočné)
INSERT INTO filmy (Filmid, Nazov, ZanerID, HodnotenieFilmu, Rok, ReziserID)
VALUES (8, 'James Bond: Spectre', 3, 6.8, 2015, 8);
-- prida hodnoty do tab. zaner
INSERT INTO zaner (Zanerid, ZanerNazov)
VALUES (8, 'Biograficky');
-- prida hodnoty do tab. reziser (hodnoty su reálne), pri FilmID je daná hodnota len jedného filmu
INSERT INTO reziser (Reziserid, Meno, Priezvisko, Vek, FilmID)
VALUES (8, 'Sam', 'Mendes', 56, 8);

-- prida hodnoty do tab. filmy (hodnoty sú skutočné)
INSERT INTO filmy (Filmid, Nazov, ZanerID, HodnotenieFilmu, Rok, ReziserID)
VALUES (9, 'Interstellar', 4, 8.6, 2014, 9);
-- prida hodnoty do tab. reziser (hodnoty su reálne), pri FilmID je daná hodnota len jedného filmu
INSERT INTO reziser (Reziserid, Meno, Priezvisko, Vek, FilmID)
VALUES (9, 'Christoper', 'Nolan', 51, 9);

-- prida hodnoty do tab. filmy (hodnoty sú skutočné)
INSERT INTO filmy (Filmid, Nazov, ZanerID, HodnotenieFilmu, Rok, ReziserID)
VALUES (10, 'Titanic', 9, 7.8, 2014, 10);
-- prida hodnoty do tab. zaner
INSERT INTO zaner (Zanerid, ZanerNazov)
VALUES (9, 'Romanticky');
-- prida hodnoty do tab. reziser (hodnoty su reálne), pri FilmID je daná hodnota len jedného filmu
INSERT INTO reziser (Reziserid, Meno, Priezvisko, Vek, FilmID)
VALUES (10, 'James', 'Cameron', 67, 10);

-- prida hodnoty do tab. filmy (hodnoty sú skutočné)
INSERT INTO filmy (Filmid, Nazov, ZanerID, HodnotenieFilmu, Rok, ReziserID)
VALUES (11, 'The King', 7, 7.3, 2019, 11);
-- prida hodnoty do tab. reziser (hodnoty su reálne), pri FilmID je daná hodnota len jedného filmu
INSERT INTO reziser (Reziserid, Meno, Priezvisko, Vek, FilmID)
VALUES (11, 'David', 'Michod', 49, 11);

-- prida hodnoty do tab. filmy (hodnoty sú skutočné)
INSERT INTO filmy (Filmid, Nazov, ZanerID, HodnotenieFilmu, Rok, ReziserID)
VALUES (12, 'The Irishman', 8, 7.8, 2019, 12);
 -- prida hodnoty do tab. zaner
INSERT INTO zaner (Zanerid, ZanerNazov)
VALUES (10, 'Thriller');
-- prida hodnoty do tab. reziser (hodnoty su reálne), pri FilmID je daná hodnota len jedného filmu
INSERT INTO reziser (Reziserid, Meno, Priezvisko, Vek, FilmID)
VALUES (12, 'Martin', 'Scorsese', 79, 12);